date,All Ham (Excluding Canned Ham and Luncheon Slices),All Other Pork (Excluding Canned Ham and Luncheon Slices),All Pork Chops,All Uncooked Beef Roasts,All Uncooked Beef Steaks,All Uncooked Other Beef (Excluding Veal),All soft drinks,"All soft drinks, 12 pk, 12 oz., cans",All uncooked ground beef,American processed cheese,Automotive diesel fuel,"Bacon, sliced",Bananas,"Beans, dried, any type, all sizes","Beef for stew, boneless","Bologna, all beef or mixed","Bread, white, pan","Bread, whole wheat, pan",Broccoli,"Butter, stick","Cheddar cheese, natural","Chicken breast, boneless","Chicken legs, bone-in","Chicken, fresh, whole","Chops, boneless","Chops, center cut, bone-in","Chuck roast, USDA Choice, boneless","Chuck roast, graded and ungraded, excluding USDA Prime and Choice","Coffee, 100%, ground roast, all sizes","Cookies, chocolate chip","Corn, canned, any style, all sizes","Eggs, grade A, large",Electricity,"Flour, white, all purpose","Frankfurters, all meat or all beef",Fuel oil #2,"Gasoline, all types","Gasoline, unleaded midgrade","Gasoline, unleaded premium","Gasoline, unleaded regular",Grapefruit,"Grapes, Thompson Seedless","Ground beef, 100% beef","Ground beef, lean and extra lean","Ground chuck, 100% beef","Ham, boneless, excluding canned","Ice cream, prepackaged, bulk, regular",Lemons,"Lettuce, iceberg","Lettuce, romaine","Malt beverages, all types, all sizes, any origin","Margarine, soft, tubs","Milk, fresh, low-fat, reduced fat, skim","Milk, fresh, whole, fortified","Orange juice, frozen concentrate, 12 oz. can","Oranges, Navel","Pears, Anjou","Peppers, sweet",Potato chips,"Potatoes, white","Rice, white, long grain, uncooked","Round roast, USDA Choice, boneless",Spaghetti and macaroni,"Steak, round, USDA Choice, boneless","Steak, round, graded and ungraded, excluding USDA Prime and Choice","Steak, sirloin, USDA Choice, boneless","Strawberries, dry pint","Sugar, white, 33-80 oz. pkg","Sugar, white, all sizes","Tomatoes, field grown","Turkey, frozen, whole",Utility (piped) gas,"Wine, red and white table, all sizes, any origin",Yogurt
2015-01-01,3.211,2.991,3.988,5.838,7.53,4.734,,,4.675,4.944,2.964,5.589,0.583,1.452,5.712,2.957,1.479,1.948,1.729,,5.401,3.438,1.584,1.546,4.484,4.167,5.624,5.335,4.738,3.428,1.022,2.113,0.138,0.545,,2.811,2.17,2.34,2.497,2.11,1.037,3.209,4.235,6.032,4.375,4.405,5.089,1.86,1.174,2.047,1.295,1.966,,3.758,2.732,1.195,,2.427,4.263,0.668,0.692,5.62,1.264,6.052,6.161,8.08,2.454,0.626,0.644,2.089,1.445,1.036,12.912,
2015-02-01,3.221,2.928,3.962,5.844,7.569,4.684,,,4.708,4.598,2.875,5.472,0.591,1.484,5.552,3.038,1.435,2.024,1.842,,5.48,3.511,1.581,1.55,4.468,4.138,5.546,5.31,4.91,3.477,1.05,2.088,0.138,0.525,,2.864,2.308,2.477,2.621,2.249,1.026,3.006,4.238,6.184,4.403,4.428,4.955,1.868,1.138,2.195,1.287,1.972,,3.496,2.734,1.185,,2.196,4.298,0.646,0.689,5.657,1.319,6.18,6.024,8.194,2.09,0.649,0.659,1.849,1.48,1.007,12.37,
2015-03-01,3.176,2.904,3.867,5.872,7.661,4.709,,,4.677,4.558,2.933,5.367,0.593,1.472,5.595,2.956,1.44,2.042,1.704,,5.384,3.522,1.588,1.545,4.196,4.224,5.563,5.362,4.827,3.486,1.033,2.133,0.136,0.518,,3.019,2.544,2.72,2.867,2.483,0.97,2.653,4.2,6.099,4.364,4.314,4.889,1.664,1.05,2.007,1.318,1.975,,3.463,2.678,1.201,,2.355,4.4,0.639,0.67,5.736,1.392,6.209,6.085,8.372,1.664,0.653,0.66,1.819,1.503,0.985,12.37,
2015-04-01,2.971,2.836,3.813,5.864,7.684,4.702,,,4.681,4.543,2.84,5.211,0.597,1.51,5.654,2.98,1.454,2.008,1.83,,5.384,3.504,1.609,1.539,4.227,4.141,5.659,5.348,4.99,3.335,1.035,2.065,0.137,0.509,,2.755,2.545,2.717,2.868,2.485,1.067,2.737,4.231,6.105,4.323,4.114,4.791,1.75,0.993,1.868,1.315,2.006,,3.397,2.662,1.165,,2.475,4.412,0.645,0.67,5.644,1.337,6.157,6.155,8.329,1.852,0.662,0.663,1.847,1.487,0.947,12.335,
2015-05-01,3.045,2.804,3.786,5.915,7.773,4.59,,,4.653,4.417,2.906,4.94,0.582,1.486,5.581,2.846,1.463,2.041,1.668,,5.312,3.408,1.552,1.483,4.273,4.132,5.7,5.295,4.715,3.212,,1.962,0.137,0.52,,2.788,2.832,2.968,3.166,2.775,1.07,3.001,4.136,6.195,4.308,4.164,4.696,1.874,1.055,1.904,1.32,2.004,,3.387,2.709,1.208,,2.482,4.427,0.646,0.676,5.653,1.335,6.185,6.013,8.816,2.087,0.648,0.66,1.74,1.527,0.93,12.044,
2015-06-01,3.02,2.784,3.824,5.927,7.917,4.696,,,4.676,4.265,2.91,5.059,0.574,1.486,5.7,2.799,1.467,1.957,1.871,,5.256,3.388,1.622,1.515,4.326,3.965,5.704,5.327,4.686,3.286,,2.57,0.143,0.519,,2.743,2.889,3.047,3.218,2.832,1.105,2.515,4.221,6.111,4.324,4.105,4.62,2.127,1.074,1.977,1.307,1.939,,3.366,2.68,1.274,,2.19,4.442,0.647,0.691,5.638,1.36,6.183,5.931,8.842,1.735,0.635,0.646,1.708,1.541,0.942,12.021,
2015-07-01,3.031,2.833,3.917,5.905,7.962,4.738,,,4.637,4.352,2.85,5.184,0.581,1.483,5.684,2.82,1.447,1.963,1.706,,5.376,3.378,1.591,1.487,4.47,4.062,5.677,5.235,4.79,3.305,,2.57,0.142,0.515,,2.651,2.893,3.058,3.252,2.832,1.117,2.328,4.2,6.184,4.266,4.098,4.466,2.254,1.049,1.848,1.306,1.892,,3.43,2.658,1.38,,2.509,4.48,0.668,0.673,5.685,1.325,6.243,6.179,8.837,1.798,0.654,0.656,1.777,1.568,0.933,12.016,
2015-08-01,3.103,2.841,3.863,5.871,7.91,4.7,,,4.618,4.346,2.692,5.41,0.58,1.484,5.587,2.817,1.42,1.956,1.758,,5.336,3.406,1.612,1.428,4.396,4.042,5.639,5.179,4.808,3.233,,2.943,0.142,0.524,,2.437,2.745,2.932,3.12,2.679,1.143,2.1,4.159,6.116,4.222,4.121,4.597,2.088,1.096,1.79,1.305,1.94,,3.389,2.739,1.493,,2.595,4.411,0.661,0.669,5.688,1.351,6.147,6.256,8.697,2.283,0.652,0.654,1.737,1.546,0.932,12.009,
2015-09-01,3.124,2.819,3.88,5.785,7.89,4.684,,,4.604,4.439,2.566,5.734,0.58,1.469,5.608,2.756,1.432,2.008,1.797,,5.382,3.377,1.595,1.415,4.357,4.107,5.513,5.134,4.669,3.366,,2.966,0.141,0.517,,2.376,2.463,2.661,2.86,2.394,1.171,2.13,4.126,6.139,4.195,4.131,4.791,2.091,1.223,1.926,1.309,1.904,,3.392,2.732,1.48,,2.66,4.504,0.65,0.662,5.601,1.282,6.184,6.129,8.864,2.385,0.652,0.656,1.775,1.538,0.921,11.965,
2015-10-01,3.155,2.803,3.875,5.762,7.836,4.648,,,4.572,4.331,2.532,5.899,0.577,1.482,5.579,2.65,1.418,1.978,1.866,,5.478,3.356,1.61,1.43,4.355,4.106,5.546,5.104,4.609,3.391,,2.808,0.136,0.511,3.515,2.35,2.357,2.573,2.749,2.289,1.21,2.16,4.083,6.097,4.119,4.232,4.626,2.164,1.245,1.953,1.34,1.935,,3.338,2.753,1.514,,2.501,4.355,0.655,0.69,5.523,1.297,6.209,6.174,8.802,2.523,0.663,0.662,1.844,1.558,0.909,12.416,
2015-11-01,3.015,2.778,3.797,5.718,7.788,4.541,,,4.551,4.333,2.493,5.847,0.575,1.514,5.421,2.598,1.409,2.028,1.778,,5.433,3.35,1.605,1.484,4.153,4.104,5.649,5.009,4.412,3.413,,2.664,0.134,0.496,3.59,2.302,2.249,2.453,2.64,2.185,1.091,2.424,4.113,6.047,4.082,4.122,4.684,2.059,1.361,2.116,1.345,1.81,,3.299,2.715,1.329,,,4.49,0.633,0.732,5.445,1.266,6.081,6.014,8.724,,0.628,0.641,1.977,1.424,0.903,12.389,
2015-12-01,2.901,2.716,3.807,5.482,7.509,4.505,,,4.485,4.345,2.378,5.734,0.58,1.511,5.498,2.63,1.428,1.949,1.945,,5.328,3.282,1.573,1.437,4.223,4.089,5.414,4.783,4.486,3.316,,2.751,0.133,0.501,3.605,2.114,2.125,2.318,2.532,2.06,1.085,2.833,4.06,5.885,4.025,4.034,4.725,1.978,1.48,2.205,1.347,1.856,,3.31,2.733,1.229,,,4.413,0.637,0.711,5.279,1.292,5.932,5.918,8.287,3.502,0.63,0.642,1.932,1.448,0.892,12.179,
2016-01-01,2.937,2.695,3.656,5.421,7.468,4.437,,,4.396,4.374,2.193,5.656,0.581,1.466,5.373,2.634,1.425,1.943,2.06,,5.411,3.251,1.579,1.429,4.143,3.714,5.177,4.756,4.498,3.33,,2.328,0.134,0.522,3.473,1.97,2.034,2.229,2.455,1.967,1.021,3.535,3.978,5.7,4.019,4.121,4.913,1.956,1.417,2.06,1.356,1.849,,3.313,2.731,1.196,,,4.444,0.659,0.709,5.225,1.265,5.856,5.693,8.144,2.92,0.658,0.662,2.528,1.528,0.898,12.18,
2016-02-01,2.928,2.697,3.658,5.526,7.502,4.539,,,4.379,4.436,2.04,5.394,0.573,1.485,5.541,2.653,1.407,1.947,1.673,,5.369,3.302,1.485,1.478,4.169,3.841,5.346,5.026,4.447,3.289,,2.267,0.134,0.522,3.579,1.923,1.833,2.029,2.248,1.767,0.985,3.614,3.964,5.611,3.945,4.137,4.851,1.922,1.213,2.03,1.353,1.841,,3.23,2.752,1.194,,,4.421,0.659,0.707,5.295,1.309,6.002,5.662,8.275,3.149,0.634,0.648,2.316,1.494,0.895,12.233,
2016-03-01,2.95,2.657,3.693,5.662,7.686,4.503,,,4.371,4.462,2.088,5.494,0.586,1.488,5.585,2.702,1.416,1.909,1.586,,5.364,3.271,1.509,1.463,4.146,3.901,5.321,5.136,4.405,3.4,,2.081,0.134,0.512,3.621,1.947,2.021,2.232,2.411,1.958,1.036,3.016,3.955,5.678,3.929,4.07,4.85,1.917,1.065,1.894,1.363,1.775,,3.187,2.758,1.188,,,4.622,0.652,0.711,5.47,1.341,5.968,5.801,8.514,2.031,0.61,0.632,1.941,1.509,0.884,12.211,
2016-04-01,2.882,2.688,3.707,5.576,7.756,4.53,,,4.327,4.434,2.158,5.613,0.574,1.468,5.44,2.628,1.406,1.915,1.594,,5.399,3.251,1.565,1.496,4.13,4.028,5.194,5.097,4.428,3.42,,1.793,0.134,0.521,3.441,1.989,2.196,2.398,2.585,2.134,1.074,2.81,3.815,5.638,3.933,3.965,4.915,2.027,1.018,1.887,1.365,1.846,,3.155,2.747,1.176,,2.888,4.544,0.652,0.703,5.406,1.294,6.026,5.954,8.502,2.152,0.64,0.655,1.862,1.488,0.879,12.375,
2016-05-01,2.909,2.668,3.72,5.687,7.759,4.451,,,4.298,4.325,2.274,5.552,0.57,1.396,5.442,2.643,1.382,1.962,1.57,,5.365,3.25,1.528,1.489,4.15,3.968,5.381,5.143,4.443,3.423,,1.684,0.133,0.525,3.195,2.097,2.324,2.508,2.71,2.264,1.155,3.411,3.717,5.742,3.902,4.003,4.801,2.035,1.089,1.992,1.351,1.844,,3.157,2.796,1.148,,2.679,4.462,0.679,0.747,5.534,1.32,6.07,5.888,8.678,2.252,0.619,0.651,1.695,1.527,0.877,12.031,
2016-06-01,3.076,2.69,3.752,5.601,7.681,4.517,,,4.263,4.31,2.384,5.374,0.569,1.408,5.38,2.654,1.333,1.977,1.663,,5.269,3.228,1.562,1.408,4.289,3.94,5.323,4.896,4.481,3.32,,1.491,0.138,0.529,3.083,2.155,2.422,2.62,2.807,2.363,1.206,2.654,3.725,5.786,3.84,4.039,4.71,2.115,1.015,2.029,1.35,1.828,,3.115,2.772,1.186,1.65,2.497,4.477,0.688,0.734,5.443,1.292,6.134,5.748,8.69,1.924,0.607,0.641,1.709,1.515,0.891,12.511,
2016-07-01,3.072,2.693,3.832,5.504,7.546,4.521,,,4.234,4.373,2.361,5.454,0.567,1.404,5.215,2.62,1.349,1.966,1.61,,5.184,3.21,1.547,1.445,4.292,3.986,5.211,4.944,4.428,3.217,,1.546,0.139,0.543,2.913,2.13,2.287,2.48,2.702,2.225,1.28,2.359,3.69,5.865,3.807,3.959,4.691,2.17,0.995,1.953,1.347,1.867,,3.062,2.768,1.268,1.684,2.216,4.444,0.699,0.74,5.274,1.32,5.76,5.856,8.521,1.942,0.616,0.646,1.635,1.586,0.931,12.393,
2016-08-01,3.098,2.767,3.76,5.451,7.569,4.508,,,4.25,4.273,2.333,5.448,0.562,1.364,5.203,2.655,1.341,1.992,1.55,,5.272,3.218,1.57,1.426,4.197,3.926,5.124,4.927,4.316,3.219,,1.455,0.139,0.546,3.122,2.073,2.218,2.42,2.629,2.155,1.319,2.155,3.657,5.844,3.912,4.062,4.71,2.161,0.994,1.862,1.346,1.818,,3.141,2.774,1.365,,2.224,4.427,0.711,0.729,5.133,1.292,5.758,5.875,8.544,2.169,0.624,0.653,1.685,1.622,0.943,12.4,
2016-09-01,3.135,2.694,3.662,5.315,7.51,4.503,,,4.22,4.396,2.37,5.481,0.575,1.37,5.05,2.657,1.329,1.974,1.555,,5.023,3.244,1.548,1.487,4.031,3.89,5.163,4.88,4.372,3.3,,1.471,0.139,0.547,3.341,2.122,2.269,2.455,2.682,2.208,,2.061,3.665,5.764,3.791,4.126,4.695,2.171,0.95,1.81,1.347,1.841,,3.229,2.81,1.41,,2.121,4.44,0.702,0.721,5.016,1.289,6.067,5.738,8.585,2.021,0.62,0.653,1.786,1.649,0.954,12.53,
2016-10-01,3.105,2.665,3.632,5.277,7.413,4.497,,,4.158,4.484,2.421,5.375,0.57,1.35,5.196,2.718,1.343,2.004,1.615,,5.352,3.305,1.509,1.502,3.945,3.92,5.129,4.836,4.309,3.47,,1.39,0.134,0.523,3.115,2.288,2.304,2.51,2.719,2.243,,2.145,3.679,5.693,3.742,4.054,4.712,2.019,0.949,1.794,1.355,1.826,,3.292,2.55,1.412,1.682,2.213,4.507,0.691,0.697,4.82,1.292,5.807,5.755,8.323,2.216,,0.63,1.994,1.692,0.961,12.498,
2016-11-01,3.037,2.663,3.512,5.301,7.217,4.451,,,4.091,4.322,2.421,5.106,0.573,1.384,5.143,2.619,1.362,2.024,1.532,,4.914,3.263,1.51,1.478,3.812,3.703,5.187,4.704,4.306,3.366,,1.321,0.131,0.507,2.949,2.256,2.246,2.43,2.675,2.187,1.309,2.455,3.597,5.672,3.703,3.931,4.615,1.971,1.042,1.901,1.354,1.747,,3.28,2.53,1.239,1.726,2.361,4.391,0.697,0.703,4.987,1.302,5.758,5.56,7.943,3.165,,0.618,1.984,1.527,0.97,12.294,
2016-12-01,2.906,2.579,3.462,5.159,7.121,4.517,,,4.043,4.214,2.456,5.102,0.576,1.364,5.262,2.625,1.362,1.96,1.533,,4.895,3.2,1.432,1.463,3.751,3.633,5.104,4.484,4.281,3.409,,1.383,0.133,0.503,3.048,2.394,2.289,2.496,2.698,2.23,1.252,2.878,3.559,5.542,3.619,3.93,4.682,1.985,1.016,1.873,1.358,1.782,,3.29,2.571,1.169,1.628,2.199,4.353,0.686,0.693,4.884,1.287,5.556,5.465,7.91,3.282,,0.614,1.972,1.495,0.972,12.355,
2017-01-01,2.822,2.55,3.354,5.138,7.094,4.447,,,4.057,4.322,2.547,5.18,0.573,1.35,5.084,2.637,1.351,1.975,1.536,,4.933,3.218,1.462,1.418,3.727,3.639,4.962,4.516,4.468,3.397,,1.599,0.134,0.53,3.036,2.482,2.409,2.616,2.815,2.351,1.163,3.238,3.553,5.543,3.621,3.724,4.834,1.937,0.985,1.802,1.363,1.771,,3.318,2.608,1.186,1.577,2.238,4.39,0.696,0.7,4.934,1.31,5.733,5.304,7.79,2.612,,0.632,2.048,1.581,1.0,12.391,
2017-02-01,2.863,2.627,3.45,5.208,7.154,4.472,,,4.029,4.293,2.537,5.334,0.573,1.357,5.042,2.633,1.358,1.986,1.676,,4.967,3.195,1.484,1.473,3.814,3.625,5.186,4.265,4.583,3.39,,1.464,0.135,0.526,2.958,2.474,2.36,2.561,2.793,2.299,1.125,2.836,3.557,5.563,3.549,3.781,4.87,1.97,1.045,1.944,1.355,1.82,,3.3,2.653,1.191,1.57,2.043,4.334,0.703,0.695,5.088,1.29,5.754,5.334,7.848,2.367,,0.637,1.93,1.57,1.003,12.363,
2017-03-01,2.994,2.633,3.443,5.264,7.176,4.406,,,4.067,4.271,2.541,5.745,0.571,1.371,5.073,2.672,1.329,1.929,1.811,,4.799,3.291,1.48,1.462,3.822,3.699,5.141,4.404,4.65,3.346,,1.404,0.134,0.531,3.081,2.449,2.386,2.595,2.827,2.323,1.124,2.562,3.594,5.612,3.59,3.871,4.751,1.914,1.025,2.038,1.362,1.798,,3.315,2.661,1.18,1.599,2.145,4.365,0.689,0.692,5.152,1.265,5.728,5.461,7.856,2.318,,0.631,1.943,1.585,0.989,12.531,
2017-04-01,2.859,2.592,3.441,5.315,7.277,4.497,,,4.078,4.352,2.548,5.775,0.571,1.354,5.188,2.592,1.328,2.014,1.996,,4.794,3.289,1.492,1.444,3.802,3.639,5.126,4.474,4.622,3.404,,1.409,0.135,0.516,2.963,2.438,2.479,2.693,2.909,2.418,1.213,3.117,3.547,5.707,3.675,3.768,4.659,1.933,1.231,2.439,1.372,1.818,,3.259,2.645,1.174,1.602,2.331,4.369,0.698,0.686,5.124,1.271,5.577,5.59,8.081,2.204,,0.628,1.902,1.567,1.0,12.52,
2017-05-01,2.864,2.554,3.425,5.354,7.315,4.567,,,4.078,4.393,2.537,5.699,0.564,1.36,5.411,2.763,1.327,1.974,1.976,,4.748,3.208,1.454,1.499,3.832,3.746,5.145,4.766,4.597,3.506,,1.414,0.137,0.517,2.651,2.378,2.448,2.659,2.894,2.386,1.258,3.331,3.559,5.613,3.645,3.78,4.631,1.934,1.151,2.325,1.388,1.703,,3.242,2.579,1.226,1.597,2.331,4.439,0.706,0.726,5.202,1.272,5.758,5.928,8.082,2.06,,0.647,1.867,1.532,1.036,12.403,
2017-06-01,3.093,2.6,3.42,5.498,7.525,4.716,,,4.16,4.306,2.516,5.665,0.572,1.35,5.677,2.8,1.335,2.032,1.842,,4.797,3.215,1.436,1.497,3.875,3.625,5.342,5.03,4.545,3.575,,1.332,0.142,0.507,2.602,2.284,2.4,2.627,2.859,2.337,1.315,2.489,3.679,5.759,3.768,3.921,4.629,2.022,1.011,2.179,1.382,1.704,,3.213,2.582,1.346,1.639,2.19,4.428,0.733,0.752,5.29,1.281,5.838,6.132,8.349,1.952,0.621,0.659,1.873,1.576,1.04,12.385,
2017-07-01,3.155,2.614,3.417,5.453,7.606,4.733,,,4.212,4.282,2.477,5.819,0.565,1.354,5.631,2.814,1.327,1.967,1.833,,4.851,3.189,1.418,1.496,3.821,3.793,5.228,5.02,4.335,3.467,,1.333,0.143,0.512,2.689,2.215,2.344,2.58,2.8,2.281,1.333,2.42,3.754,5.741,3.866,4.02,4.606,2.093,0.957,2.027,1.382,1.704,,3.219,2.827,1.462,1.629,2.223,4.391,0.752,0.764,5.326,1.294,5.939,6.133,8.359,2.036,,0.659,1.952,1.622,1.031,12.511,
2017-08-01,3.142,2.593,3.482,5.349,7.479,4.782,,,4.207,4.241,2.544,6.241,0.561,1.349,5.69,2.793,1.348,2.025,1.795,,4.862,3.194,1.453,1.489,3.917,3.76,5.189,4.813,4.373,3.568,,1.367,0.142,0.512,2.708,2.292,2.436,2.674,2.883,2.374,1.333,2.213,3.732,5.888,3.785,3.956,4.688,2.138,0.938,2.088,1.384,1.706,,3.168,2.868,1.453,1.653,2.168,4.37,0.75,0.753,5.182,1.305,5.838,5.935,8.251,1.979,,0.658,1.846,1.615,1.027,12.712,
2017-09-01,3.108,2.635,3.481,5.329,7.363,4.672,,,4.207,4.203,2.742,6.366,0.544,1.344,5.536,2.809,1.349,1.986,1.742,,5.01,3.185,1.439,1.48,3.809,3.896,5.098,4.901,4.323,3.494,,1.422,0.142,0.505,2.824,2.481,2.688,2.886,3.12,2.63,1.391,2.185,3.707,5.772,3.801,3.938,4.648,2.102,0.943,2.036,1.398,1.717,,3.209,2.619,1.48,,2.099,4.389,0.745,0.741,5.168,1.299,5.882,5.94,8.084,2.256,,0.67,1.828,1.623,1.018,12.827,
2017-10-01,3.224,2.654,3.378,5.156,7.388,4.549,,,4.1,4.089,2.761,6.066,0.548,1.362,5.399,2.757,1.328,2.009,1.938,,5.028,3.141,1.436,1.484,3.812,3.708,5.124,4.697,4.327,3.511,,1.54,0.137,0.5,2.978,2.52,2.545,2.772,2.996,2.484,1.388,2.302,3.688,5.369,3.703,3.95,4.683,2.064,1.014,2.125,1.418,1.709,,3.158,2.619,1.59,,2.197,4.48,0.748,0.723,4.916,1.259,5.778,5.851,8.039,2.335,,0.664,1.813,1.656,1.02,13.235,
2017-11-01,2.972,2.623,3.366,5.163,7.352,4.622,,,4.102,4.091,2.873,5.708,0.551,1.371,5.329,2.839,1.295,2.024,1.838,,5.006,3.13,1.437,1.451,3.802,3.87,5.09,4.591,4.324,3.639,,1.506,0.136,0.469,2.801,2.633,2.608,2.869,3.056,2.548,1.378,2.389,3.638,5.43,3.775,3.851,4.567,1.986,1.044,2.148,1.421,1.634,,3.15,2.573,1.486,1.614,2.251,4.521,0.733,0.712,4.934,1.242,5.798,5.893,7.906,2.863,,0.64,1.933,1.556,1.028,13.059,
2017-12-01,2.914,2.596,3.302,5.207,7.364,4.653,,,4.128,4.13,2.886,5.629,0.558,1.368,5.343,2.808,1.316,1.97,1.765,,4.95,3.192,1.461,1.47,3.664,3.809,5.12,4.624,4.285,3.601,,1.815,0.136,0.462,2.925,2.703,2.521,2.776,2.985,2.459,1.33,2.606,3.708,5.516,3.729,3.869,4.758,1.989,1.008,2.159,1.421,1.697,,3.155,2.615,1.315,1.545,2.422,4.431,0.731,0.711,5.02,1.235,5.832,5.943,7.927,3.089,,0.646,2.237,1.502,1.042,12.925,
2018-01-01,2.86,2.621,3.224,5.109,7.415,4.431,,,4.068,4.015,2.965,5.654,0.568,1.327,,2.528,1.281,2.033,1.823,,5.021,3.073,1.327,1.509,3.694,3.814,4.792,,4.291,3.681,,1.769,0.135,0.471,2.837,2.902,2.596,2.852,3.042,2.539,1.251,3.023,3.641,5.247,3.668,3.742,4.786,2.045,0.922,2.127,1.412,1.671,,2.961,2.521,1.326,1.641,2.347,4.386,0.73,0.682,4.925,1.218,5.608,6.048,8.205,2.872,,0.623,2.336,1.399,1.048,12.74,
2018-02-01,2.888,2.631,3.186,5.184,7.392,4.483,,,4.07,4.064,3.007,5.533,0.574,1.316,,2.593,1.265,2.011,1.831,,5.082,3.119,1.402,1.478,3.718,3.718,4.996,,4.267,3.725,,1.755,0.135,0.47,2.887,2.856,2.632,2.863,3.091,2.575,1.269,2.9,3.642,5.333,3.659,3.882,4.67,2.06,0.894,2.072,1.414,1.677,,2.923,2.538,1.339,1.56,2.278,4.344,0.736,0.691,4.99,1.176,5.619,5.934,8.297,2.492,,0.622,2.026,1.435,1.077,12.553,
2018-03-01,3.008,2.642,3.207,5.259,7.507,4.524,,,4.099,4.105,2.973,5.527,0.582,1.306,,2.719,1.309,2.039,1.794,,5.064,3.142,1.394,1.502,3.696,3.702,5.026,,4.343,3.579,,1.831,0.135,0.468,2.95,2.827,2.631,2.874,3.101,2.572,1.293,2.602,3.657,5.367,3.728,3.955,4.825,2.06,0.889,2.064,1.418,1.672,,2.903,2.513,1.305,1.558,2.225,4.446,0.727,0.682,5.107,1.187,5.512,6.062,8.339,2.227,,0.612,1.868,1.512,1.054,12.6,
2018-04-01,2.935,2.614,3.293,5.378,7.703,4.451,1.443,0.336,4.155,4.034,3.051,5.421,0.578,1.308,,2.605,1.281,2.016,1.802,4.153,5.03,3.238,1.45,1.511,3.73,4.004,5.168,,4.313,3.328,,2.081,0.134,0.472,3.024,2.875,2.795,3.029,3.258,2.737,1.318,2.817,3.73,5.523,3.775,3.986,4.709,2.046,0.906,2.129,1.419,1.657,2.658,2.924,2.481,1.291,1.521,2.343,4.448,0.728,0.685,5.192,1.176,5.785,6.125,8.551,2.475,,0.617,1.802,1.483,1.044,12.673,1.057
2018-05-01,3.135,2.546,3.284,5.369,7.64,4.579,1.473,0.326,4.079,4.025,3.197,5.452,0.575,1.378,,2.754,1.293,1.966,1.778,4.112,5.131,3.076,1.447,1.523,3.686,3.829,5.234,,4.294,3.4,,1.987,0.136,0.469,2.746,3.132,2.963,3.186,3.423,2.907,1.33,3.136,3.685,5.426,3.688,4.122,4.588,2.05,0.968,2.039,1.404,1.623,2.616,2.919,2.481,1.348,1.568,2.366,4.491,0.739,0.698,5.179,1.143,5.649,6.129,8.247,2.079,,0.628,1.675,1.526,1.05,12.417,1.059
2018-06-01,3.13,2.516,3.272,5.481,7.673,4.8,1.477,0.327,4.115,3.956,3.245,5.247,0.575,1.358,,2.69,1.279,1.896,1.842,4.064,5.234,3.094,1.427,1.514,3.665,3.811,5.301,,,3.49,,1.628,0.139,0.469,2.772,3.132,2.97,3.199,3.44,2.914,1.346,2.829,3.729,5.36,3.824,4.234,4.656,2.115,0.89,1.937,1.401,1.623,2.627,2.877,2.469,1.409,1.621,2.27,4.441,0.744,0.689,5.205,1.201,5.8,5.819,8.509,1.938,,0.629,1.706,1.529,1.042,12.382,1.061
2018-07-01,3.174,2.553,3.262,5.508,7.725,4.764,1.466,0.334,4.149,3.958,3.226,5.418,0.575,1.342,,2.654,1.293,1.899,1.822,4.11,5.065,3.116,1.431,1.519,3.79,3.558,5.458,,,3.481,,1.725,0.139,0.468,2.899,3.22,2.93,3.166,3.399,2.873,1.386,2.774,3.745,5.36,3.786,4.21,4.75,2.198,0.903,2.056,1.39,1.635,2.567,2.839,2.504,1.538,1.662,2.513,4.407,0.765,0.69,5.163,1.204,5.694,5.867,8.552,2.007,,0.63,1.887,1.585,1.038,12.328,1.074
2018-08-01,3.194,2.605,3.338,5.506,7.724,4.789,1.492,0.343,4.155,3.946,3.211,5.577,0.569,1.355,,2.718,1.302,1.936,1.849,4.085,5.118,2.939,1.439,1.511,3.83,3.843,5.399,,,3.351,,1.622,0.139,0.464,2.832,3.229,2.919,3.153,3.384,2.862,1.422,2.282,3.792,5.381,3.738,4.184,4.662,2.463,0.913,2.043,1.387,1.655,2.588,2.871,2.44,1.559,,2.328,4.446,0.768,0.705,5.152,1.227,5.807,5.956,8.561,2.004,,0.628,1.737,1.567,1.055,12.289,1.073
2018-09-01,3.219,2.596,3.289,5.386,7.678,4.745,1.452,0.352,4.12,4.04,3.243,5.501,0.573,1.335,,2.677,1.288,1.951,1.756,4.119,5.128,2.896,1.426,1.487,3.699,3.799,5.332,,4.306,3.451,,1.651,0.138,0.467,2.826,3.279,2.93,3.165,3.4,2.873,1.422,2.208,3.743,5.404,3.701,4.165,4.754,2.552,0.876,2.058,1.4,1.686,2.573,2.89,2.493,1.511,,2.328,4.432,0.75,0.693,4.995,1.2,5.839,5.865,8.544,2.147,,0.629,1.826,1.578,1.03,12.595,1.066
2018-10-01,3.077,2.573,3.367,5.203,7.595,4.78,1.439,0.366,4.091,3.994,3.335,5.37,0.574,1.351,,2.841,1.277,1.91,1.912,4.111,5.158,3.047,1.46,1.444,3.786,3.889,5.173,,,3.456,,1.66,0.136,0.453,3.049,3.381,2.945,3.172,3.431,2.887,1.393,2.088,3.714,5.252,3.692,4.018,4.864,2.557,0.91,2.132,1.425,1.6,2.625,2.913,2.478,1.502,,2.281,4.473,0.746,0.685,4.875,1.138,5.791,5.808,8.331,2.216,,0.602,1.901,1.582,1.023,12.793,1.043
2018-11-01,3.01,2.614,3.306,5.17,7.572,4.835,1.428,0.349,4.166,,3.292,5.392,0.566,1.364,5.518,2.642,1.274,1.945,1.954,3.953,5.229,3.052,1.385,1.501,3.734,3.736,5.222,,,3.527,,1.596,0.134,0.433,3.043,3.286,2.733,2.975,3.251,2.671,1.371,2.06,3.781,5.245,3.745,3.863,4.786,2.452,1.007,2.17,1.446,1.564,2.648,2.877,2.475,1.437,1.513,2.485,4.59,0.725,0.711,4.806,1.196,5.681,,8.375,2.502,0.582,0.602,2.057,1.4,1.02,12.085,1.062
2018-12-01,2.902,2.601,3.361,5.202,7.579,4.73,1.466,0.333,4.139,3.944,3.155,5.502,0.577,1.368,5.399,2.632,1.29,1.924,2.074,3.931,5.36,3.112,1.404,1.466,3.74,3.947,5.122,,,3.527,,1.595,0.135,0.437,3.116,2.951,2.479,2.736,3.015,2.414,1.347,2.283,3.725,5.262,3.709,3.884,4.812,2.39,1.25,2.352,1.444,1.567,2.629,2.853,2.434,1.389,1.57,2.652,4.447,0.718,0.712,4.791,1.161,5.687,5.628,8.311,3.166,0.549,0.573,2.175,1.413,1.085,12.054,1.077
2019-01-01,2.918,2.615,3.199,5.283,7.598,4.778,1.548,0.347,4.173,3.922,3.015,5.518,0.576,1.343,5.527,2.624,1.274,1.94,2.072,4.055,5.372,3.063,1.381,1.473,3.666,3.576,5.139,,,3.466,,1.554,0.135,0.439,3.049,2.934,2.352,2.6,2.874,2.289,1.305,2.589,3.801,5.253,3.727,3.974,4.912,2.363,1.161,2.177,1.45,1.575,2.631,2.913,2.407,1.344,1.634,2.493,4.432,0.749,0.73,5.011,1.217,5.601,,8.348,3.279,0.576,0.595,2.227,1.455,1.082,12.008,1.07
2019-02-01,2.878,2.558,3.298,5.319,7.597,4.797,1.582,0.354,4.169,3.863,2.985,5.502,0.571,1.342,5.593,2.599,1.282,1.951,2.05,4.154,5.247,3.062,1.417,1.486,3.716,3.852,5.145,,,3.516,,1.557,0.136,0.443,3.175,3.03,2.412,2.664,2.901,2.353,1.315,2.763,3.758,5.208,3.847,4.002,4.981,2.27,1.114,2.3,1.451,1.556,2.656,2.9,2.427,1.298,1.586,2.49,4.503,0.751,0.762,4.968,1.206,5.722,,8.529,2.872,0.565,0.592,2.068,1.488,1.051,12.196,1.062
2019-03-01,3.131,2.582,3.311,5.439,7.74,4.875,1.568,0.363,4.138,3.924,3.063,5.608,0.581,1.335,5.601,2.604,1.261,1.962,2.114,4.261,5.193,3.048,1.392,1.468,3.762,3.648,5.467,,,3.311,,1.544,0.135,0.445,3.219,3.05,2.62,2.864,3.079,2.564,1.366,2.746,3.725,5.186,3.831,4.306,4.791,2.276,1.301,2.356,1.443,1.579,2.67,2.944,2.45,1.346,1.601,2.498,4.587,0.755,0.757,5.16,1.237,5.839,,8.575,2.475,0.573,0.596,2.079,1.521,1.048,11.989,1.102
2019-04-01,3.063,2.562,3.354,5.445,7.755,4.931,1.535,0.349,4.198,3.928,3.129,5.552,0.567,1.339,5.79,2.625,1.285,1.952,2.042,4.019,5.29,3.014,1.435,1.463,3.804,3.779,5.246,,,3.426,,1.463,0.135,0.434,3.163,3.103,2.894,3.146,3.382,2.835,1.344,2.919,3.775,5.288,3.907,4.255,4.821,2.221,1.213,2.3,1.439,1.566,2.694,2.98,2.448,1.28,1.601,2.426,4.508,0.749,0.767,5.26,1.223,5.856,6.036,8.706,2.504,0.561,0.591,1.947,1.543,1.034,11.875,1.087
2019-05-01,3.095,2.651,3.441,5.521,7.798,4.905,1.538,0.351,4.277,3.869,3.189,5.812,0.579,1.298,,2.687,1.289,1.941,1.932,4.111,5.327,3.092,1.442,1.479,3.833,4.019,5.476,,,3.352,,1.362,0.136,0.454,3.031,3.03,2.963,3.22,3.471,2.901,1.365,3.123,3.822,5.486,4.023,4.147,4.85,2.167,1.108,2.19,1.442,1.579,2.683,2.963,2.454,1.331,1.635,2.313,4.407,0.772,0.761,5.374,1.197,5.892,,8.662,1.972,0.563,0.58,1.823,1.56,1.035,12.048,1.114
2019-06-01,3.13,2.718,3.312,5.627,7.679,4.976,1.579,0.341,4.231,3.844,3.104,5.878,0.574,1.316,5.647,2.837,1.28,1.905,1.944,3.921,5.254,3.051,1.415,1.59,3.69,3.941,5.517,,,3.504,,1.203,0.139,0.448,2.866,2.946,2.814,3.08,3.328,2.752,1.336,2.675,3.812,5.428,3.951,4.235,4.633,2.066,1.083,2.115,1.433,1.689,2.672,3.054,2.486,1.296,1.614,2.364,4.452,0.743,0.801,5.401,1.192,5.882,,8.133,2.066,0.569,0.586,1.812,1.574,1.035,11.952,1.126
2019-07-01,3.238,2.722,3.411,5.609,7.716,4.998,1.566,0.336,4.258,3.772,3.078,5.701,0.569,1.345,5.575,2.719,1.281,1.951,1.911,3.977,5.349,2.975,1.412,1.562,3.83,4.041,5.479,,,3.468,,1.243,0.14,0.454,2.91,2.932,2.836,3.111,3.327,2.776,1.389,2.15,3.8,5.462,4.001,4.239,4.674,2.041,1.207,2.207,1.437,1.686,2.674,3.031,2.404,1.411,1.552,2.42,4.377,0.78,0.798,5.458,1.198,5.977,,8.284,2.111,0.575,0.589,1.799,1.531,1.029,11.995,1.144
2019-08-01,3.32,2.687,3.379,5.471,7.652,5.0,1.585,0.338,4.249,3.873,3.03,5.576,0.578,1.329,5.614,2.777,1.275,1.94,1.969,4.036,5.367,2.96,1.414,1.514,3.784,3.982,5.279,,,3.496,,1.219,0.139,0.45,2.971,2.87,2.716,2.995,3.222,2.655,1.353,2.023,3.819,5.444,4.019,4.454,4.682,2.03,1.143,2.162,1.429,1.649,2.702,3.045,2.416,1.442,,2.371,4.382,0.786,0.793,5.305,1.215,5.834,,8.134,2.01,0.576,0.589,1.864,1.562,1.034,12.148,1.137
2019-09-01,3.343,2.687,3.335,5.43,7.658,5.018,1.603,0.345,4.209,3.875,3.033,5.571,0.569,1.324,5.632,2.791,1.296,1.935,1.944,3.954,5.406,2.93,1.425,1.487,3.761,3.841,5.294,,,3.587,,1.383,0.139,0.449,2.91,2.894,2.694,2.98,3.214,2.63,1.371,1.919,3.851,5.351,3.885,4.439,4.802,2.047,1.107,2.059,1.44,1.745,2.742,3.102,2.414,1.426,,2.412,4.561,0.794,0.797,5.222,1.184,5.858,,8.083,2.153,0.588,0.596,1.911,1.604,1.019,12.096,1.15
2019-10-01,3.431,2.716,3.238,5.277,7.667,4.941,1.567,0.347,4.262,3.821,3.086,5.653,0.573,1.347,5.566,,1.325,1.948,2.044,3.979,5.277,2.948,1.429,1.538,3.715,3.773,5.131,,4.174,3.602,,1.282,0.136,0.432,3.09,3.008,2.741,3.025,3.297,2.673,1.421,1.954,3.841,5.463,4.027,4.464,4.94,2.062,1.134,2.203,1.437,1.728,2.818,3.119,2.369,1.47,,2.228,4.389,0.785,0.773,4.988,1.178,5.774,,8.225,2.402,0.575,0.589,1.779,1.601,1.041,12.119,1.109
2019-11-01,3.18,2.74,3.399,5.376,7.535,5.032,1.546,0.344,4.241,3.917,3.09,5.505,0.573,1.41,5.792,,1.361,1.943,2.065,3.713,5.309,2.94,1.488,1.43,3.786,3.85,5.404,,4.197,3.603,,1.405,0.133,0.417,3.408,2.984,2.687,2.955,3.254,2.62,1.324,2.097,3.812,5.475,3.993,4.253,4.935,2.014,1.337,2.214,1.418,,2.818,3.189,2.264,1.429,,2.307,4.692,0.764,0.721,5.211,1.231,5.793,,8.318,2.604,0.562,0.589,1.903,1.412,1.058,12.203,1.135
2019-12-01,3.035,2.761,3.391,5.537,7.709,5.053,1.483,0.345,4.3,3.909,3.089,5.474,0.573,1.402,5.751,,1.363,1.964,1.854,3.624,5.302,3.113,1.505,1.45,3.805,3.772,5.646,,4.053,3.584,,1.535,0.133,0.429,3.401,3.035,2.652,2.922,3.19,2.587,1.254,2.386,3.862,5.518,4.066,4.07,4.74,1.995,1.304,2.176,1.422,,2.872,3.188,2.336,1.327,,2.501,4.532,0.78,0.714,5.069,1.189,5.977,,8.481,3.096,0.558,0.589,1.954,1.389,1.057,12.044,1.148
2020-01-01,3.11,2.722,3.368,5.515,7.653,5.046,1.585,0.361,4.343,3.847,3.078,5.505,0.57,1.432,5.754,,1.351,1.961,1.956,3.864,5.204,3.059,1.451,1.409,3.854,3.781,5.398,,4.174,3.525,,1.461,0.134,0.438,3.405,3.052,2.631,2.901,3.157,2.567,1.226,2.751,3.886,5.63,4.1,4.194,4.824,1.949,1.341,2.16,1.439,,2.953,3.253,2.321,1.244,,2.493,4.494,0.802,0.716,5.062,1.225,5.963,,8.441,2.884,0.575,0.603,2.221,1.58,1.066,12.056,1.108
2020-02-01,3.13,2.775,3.419,5.532,7.642,5.148,1.611,0.361,4.298,3.912,2.98,5.497,0.574,1.461,5.83,,1.375,1.986,2.052,3.762,5.381,3.013,1.479,1.362,3.813,3.92,5.368,,4.25,3.551,,1.449,0.134,0.438,3.352,2.812,2.53,2.798,3.071,2.465,1.189,2.572,3.865,5.521,4.033,4.226,4.884,1.959,1.248,2.029,1.447,,2.882,3.196,2.319,1.218,,2.43,4.594,0.786,0.734,5.26,1.235,6.091,,8.333,2.558,0.584,0.612,2.197,1.639,1.05,12.233,1.169
2020-03-01,3.376,2.762,3.415,5.535,7.676,5.079,1.649,0.373,4.355,3.907,2.818,5.257,0.576,1.488,5.73,,1.374,1.994,1.971,3.857,5.329,2.956,1.538,1.4,3.791,3.907,5.382,,4.334,3.633,,1.525,0.134,0.442,3.347,2.405,2.334,2.606,2.893,2.267,,2.519,3.881,5.635,4.108,4.464,4.918,,,,1.472,,2.913,3.248,2.277,1.174,,2.437,4.63,,0.733,5.175,1.238,6.091,,8.265,2.367,0.597,0.621,,,1.034,12.346,1.176
2020-04-01,,,3.673,5.896,7.951,,1.717,0.381,4.556,3.981,2.605,5.346,0.581,,5.697,,1.406,2.07,,3.725,5.453,3.158,1.598,1.571,4.014,4.148,5.786,,4.396,3.826,,2.019,0.133,,3.52,2.044,1.946,2.224,2.527,1.876,,,4.052,5.708,4.343,,4.941,,,,1.502,,2.901,3.267,2.398,,,,4.88,,,5.528,1.265,6.41,,8.6,,0.607,0.64,,,1.028,12.294,1.197
2020-05-01,,3.085,3.972,7.068,8.957,5.691,1.703,0.373,4.931,4.097,2.515,5.348,0.589,,6.308,,1.412,2.075,,3.535,5.558,3.348,1.581,,4.409,4.371,7.049,,4.466,3.617,,1.64,0.134,0.461,3.473,1.905,1.946,2.222,2.49,1.879,,,4.461,6.101,4.789,4.549,4.934,,,,1.494,,2.877,3.21,2.375,1.209,,,4.985,0.855,0.748,6.906,1.26,7.301,,9.48,2.174,0.622,0.647,1.851,,1.037,12.547,1.232
2020-06-01,,3.152,4.189,7.057,9.518,6.071,1.685,0.398,5.291,4.222,2.508,5.772,0.588,1.422,6.752,,1.474,2.118,,3.491,5.619,3.349,1.602,1.747,4.689,4.544,7.165,,4.517,3.717,,1.554,0.137,0.468,3.663,2.057,2.141,2.42,2.673,2.076,,2.117,4.737,6.314,5.33,4.608,5.088,,,,1.484,,2.811,3.198,2.36,1.296,,,5.087,0.854,0.749,6.546,1.28,7.394,,10.423,2.02,0.597,0.626,1.922,,1.037,12.176,1.237
2020-07-01,,3.099,3.91,6.461,8.698,5.672,1.721,0.385,4.84,4.189,2.514,5.776,0.58,1.415,6.336,,1.485,2.144,,3.572,5.517,3.221,1.579,1.712,4.355,4.351,6.476,,4.536,3.696,,1.401,0.137,0.461,3.632,2.134,2.243,2.52,2.783,2.176,,2.121,4.264,6.052,4.732,4.574,4.898,,,,1.487,,2.826,3.255,2.339,,,,5.104,0.854,0.772,5.884,1.295,6.95,,9.413,2.02,0.605,0.627,1.977,,1.027,12.405,1.216
2020-08-01,,3.045,3.788,6.059,8.213,5.448,1.692,0.392,4.64,4.285,2.503,5.559,0.576,1.445,5.995,,1.495,2.084,,3.623,5.572,3.276,1.568,1.609,4.343,4.06,5.972,,4.504,3.769,,1.328,0.137,0.459,3.603,2.161,2.245,2.522,2.795,2.177,,2.183,4.177,5.76,4.307,4.631,4.95,,,,1.482,,3.038,3.406,2.339,,,,5.07,0.856,0.769,5.668,1.303,6.579,,8.875,2.214,0.606,0.629,1.874,,1.031,12.409,1.225
2020-09-01,,2.891,3.799,6.035,8.133,5.442,1.621,0.397,4.547,4.246,2.496,5.619,0.574,1.424,5.872,,1.492,2.081,,3.57,5.611,3.302,1.557,1.542,4.369,4.066,5.849,,4.487,3.659,,1.353,0.137,0.451,3.416,2.123,2.26,2.531,2.81,2.193,,1.955,4.076,5.73,4.165,4.538,4.944,,,,1.485,,3.017,3.448,2.257,,,,5.024,0.798,0.777,5.76,1.256,6.447,,8.795,2.234,0.604,0.63,1.847,,1.064,12.371,1.2
2020-10-01,3.476,2.989,3.632,5.841,8.154,5.375,1.716,0.4,4.552,4.233,2.46,5.722,0.577,1.41,5.696,,1.503,2.17,,3.586,5.583,3.29,1.551,1.58,4.138,3.947,5.749,,4.522,3.848,,1.408,0.135,0.452,3.558,2.139,2.228,2.509,2.782,2.159,,2.183,4.008,5.758,4.212,4.559,4.925,,,,1.492,,2.928,3.38,2.307,,,,5.039,0.802,0.766,5.614,1.22,6.383,,8.931,2.745,0.603,0.634,1.911,,1.067,12.535,1.215
2020-11-01,3.344,2.974,3.737,5.883,8.081,5.482,1.469,0.394,4.596,4.132,2.441,5.754,0.578,1.391,5.729,,1.515,2.207,,3.325,5.589,3.412,1.55,1.639,4.289,4.054,5.96,,4.485,3.767,,1.45,0.136,0.445,3.692,2.208,2.159,2.44,2.727,2.09,,2.229,4.027,5.672,4.33,4.55,4.846,,,,1.509,,3.002,3.425,2.285,,,,5.085,0.756,0.791,5.522,1.262,6.449,,8.876,2.934,0.624,0.66,1.935,,1.104,12.784,1.235
2020-12-01,3.261,2.991,3.741,5.868,8.085,5.552,1.611,0.394,4.555,4.2,2.543,5.831,0.572,1.404,5.87,,1.538,2.203,,3.533,5.54,3.293,1.543,1.621,4.134,4.248,6.008,,4.52,3.793,,1.481,0.136,0.45,3.787,2.419,2.235,2.514,2.778,2.168,,2.204,3.951,5.715,4.202,4.469,4.927,1.896,,,1.506,,3.118,3.535,2.333,1.329,,,5.077,0.749,0.789,5.302,1.313,6.339,,8.98,3.29,0.642,0.674,1.893,,1.114,12.861,1.254
2021-01-01,3.441,3.02,3.694,5.861,8.25,5.632,1.677,0.411,4.543,4.193,2.661,5.831,0.597,1.433,5.949,,1.546,2.175,,3.644,5.656,3.26,1.6,1.595,4.204,3.943,5.811,,4.591,3.669,,1.466,0.136,0.446,3.669,2.549,2.391,2.662,2.921,2.326,,2.501,3.965,5.705,4.31,4.616,5.014,,,,1.494,,3.045,3.468,2.341,1.303,,,4.942,0.782,0.794,5.475,1.314,6.522,,9.148,3.044,0.652,0.682,1.928,,1.119,12.885,1.224
2021-02-01,3.683,3.001,3.676,6.063,8.281,5.664,1.668,0.402,4.556,4.162,2.802,5.778,0.59,1.448,5.782,,1.537,2.203,,3.661,5.6,3.239,1.553,1.583,4.137,3.963,5.991,,4.673,3.8,,1.597,0.137,0.44,3.766,2.79,2.559,2.825,3.073,2.496,,2.503,3.987,5.611,4.252,4.921,4.937,,,,1.498,,3.008,3.368,2.359,1.321,,,5.046,0.762,0.779,5.582,1.324,6.443,,9.079,2.893,0.654,0.68,1.838,,1.124,13.115,1.228
2021-03-01,3.511,2.997,3.765,6.229,8.383,5.57,1.714,0.407,4.648,4.145,3.076,5.852,0.594,1.459,5.762,,1.526,2.196,,3.643,5.682,3.291,1.569,1.543,4.253,4.067,6.088,,4.671,3.964,,1.625,0.138,0.436,3.83,2.873,2.856,3.112,3.386,2.791,,2.602,4.042,5.78,4.377,4.79,4.949,,,,1.498,,2.966,3.348,2.285,1.266,,,5.043,0.786,0.772,5.625,1.341,6.412,,9.134,2.7,0.648,0.675,1.768,,1.144,13.276,1.197
2021-04-01,3.548,3.176,3.844,6.216,8.656,5.703,1.685,0.397,4.656,4.1,3.126,6.215,0.604,1.457,6.034,,1.51,2.209,,3.521,5.441,3.406,1.579,1.515,4.328,4.161,5.949,,4.752,3.939,,1.62,0.139,0.437,3.808,2.785,2.907,3.184,3.455,2.839,,,4.096,5.973,4.29,4.856,4.978,,,,1.49,,3.045,3.447,2.364,1.32,,,5.092,0.774,0.785,5.771,1.251,6.64,,9.344,2.803,0.644,0.675,1.786,,1.166,13.629,1.182
2021-05-01,3.638,3.217,3.875,6.512,9.12,5.954,1.626,0.387,4.703,4.048,3.2,6.346,0.6,1.42,6.225,,1.511,2.151,,3.561,5.421,3.371,1.593,1.486,4.362,4.162,6.381,,4.566,4.019,,1.625,0.14,0.439,3.652,2.825,3.041,3.315,3.596,2.972,,,4.101,5.952,4.495,4.907,4.685,1.981,,,1.506,,3.078,3.497,2.387,1.317,,,4.929,0.764,0.801,5.822,1.336,6.737,,9.892,2.648,0.641,0.675,1.804,,1.201,13.519,1.215
2021-06-01,3.773,3.381,4.089,6.824,9.747,6.317,1.646,0.396,4.869,3.989,3.272,6.67,0.595,1.421,6.802,,1.51,2.026,,3.585,5.386,3.353,1.611,1.474,4.541,4.351,6.635,,4.605,4.068,,1.642,0.142,0.356,3.735,2.952,3.245,3.496,3.802,3.154,,2.754,4.357,6.016,4.565,4.922,4.886,1.953,,,1.532,,3.165,3.557,2.594,1.354,,,5.02,0.769,0.778,6.209,1.073,7.297,,10.78,2.318,0.648,0.675,1.83,,1.219,13.257,1.209
2021-07-01,3.711,3.564,4.081,6.749,9.67,6.37,1.674,0.399,4.846,3.972,3.324,6.857,0.594,1.426,6.731,,1.491,2.1,,3.599,5.392,3.5,1.615,1.435,4.455,4.322,6.7,,4.562,4.065,,1.642,0.143,0.368,3.929,2.98,3.326,3.582,3.897,3.233,,2.177,4.388,6.081,4.521,4.667,4.943,,,,1.54,,3.168,3.627,2.612,,,,5.003,0.776,0.782,6.1,1.094,7.183,,10.538,2.256,0.647,0.686,1.827,,1.241,13.104,1.251
2021-08-01,3.747,3.474,4.057,6.727,9.652,6.38,1.676,0.404,4.964,3.977,3.353,7.096,0.589,1.429,6.666,,1.467,2.076,,3.634,5.336,3.536,1.706,1.472,4.469,4.326,6.8,,4.726,4.065,,1.709,0.144,0.371,3.697,2.932,3.351,3.616,3.938,3.255,,2.326,4.468,6.179,4.636,4.683,4.918,,,,1.534,,3.172,3.56,2.58,,,,5.111,0.797,0.784,6.004,1.089,7.112,,10.599,2.434,0.647,0.681,1.858,,1.267,12.926,1.212
2021-09-01,3.831,3.497,4.051,7.133,9.912,6.64,1.78,0.419,5.051,4.019,3.366,7.22,0.597,1.445,6.874,,1.58,2.102,,3.568,5.387,3.517,1.723,1.504,4.393,4.233,7.457,,4.733,3.981,,1.835,0.144,0.382,4.105,2.999,3.361,3.626,3.945,3.265,,2.359,4.504,6.146,4.786,4.847,4.9,,,,1.549,,3.165,3.585,2.544,,,,5.058,0.798,0.798,6.276,1.077,7.282,,11.01,2.454,0.652,0.688,1.828,,1.302,13.042,1.228
2021-10-01,3.921,3.565,4.147,7.127,10.209,6.751,1.763,0.436,5.237,3.987,3.55,7.317,0.6,1.46,6.92,,1.526,2.175,,3.652,5.396,3.589,1.709,1.523,4.495,4.394,7.397,,4.8,3.815,,1.821,0.142,0.396,4.257,3.422,3.477,3.73,4.04,3.385,,,4.719,6.371,4.869,4.964,4.952,1.983,,,1.551,,3.187,3.663,2.631,1.49,,,5.273,0.808,0.788,6.33,1.067,7.304,,11.654,2.687,0.666,0.713,1.892,,1.383,12.941,1.223
2021-11-01,3.853,3.665,4.072,7.161,10.228,7.011,1.717,0.431,5.261,3.948,3.695,7.265,0.619,1.474,7.159,,1.547,2.094,,3.477,5.326,3.618,1.733,1.583,4.43,4.356,7.272,,4.816,3.999,,1.718,0.142,0.386,4.854,3.512,3.576,3.834,4.148,3.482,,,4.716,6.27,4.81,4.937,4.77,,,,1.57,,3.288,3.671,2.651,1.44,,,5.246,0.767,0.844,6.426,1.093,7.404,,11.508,3.079,0.628,0.687,1.924,,1.401,13.348,1.25
2021-12-01,3.707,3.494,4.023,6.948,9.933,7.011,1.706,0.44,5.174,3.894,3.661,7.211,0.622,1.504,7.363,,1.532,2.099,,3.474,5.257,3.725,1.729,1.606,4.409,4.357,6.922,,4.965,4.089,,1.788,0.142,0.388,4.789,3.443,3.505,3.779,4.1,3.408,,,4.604,6.315,4.792,4.827,4.766,2.014,,3.269,1.566,,3.359,3.743,2.654,1.448,,,5.15,0.778,0.82,6.234,1.092,7.342,,11.055,,0.633,0.691,1.906,,1.402,13.194,1.265
2022-01-01,3.891,3.451,4.019,6.845,9.825,6.771,1.762,0.449,5.17,3.948,3.675,7.222,0.63,1.509,6.806,,1.555,2.119,,3.672,5.315,3.726,1.731,1.622,4.374,4.392,6.83,,5.135,4.223,,1.929,0.147,0.424,4.991,3.776,3.5,3.721,4.102,3.413,,,4.554,6.519,4.765,4.998,4.993,2.078,,3.178,1.58,,3.393,3.787,2.621,1.427,,,5.258,0.792,0.832,6.158,1.116,7.378,,10.826,3.106,0.649,0.706,1.892,,1.409,13.397,1.281
2022-02-01,4.06,3.479,4.031,6.898,9.753,6.949,1.801,0.456,5.199,3.98,3.899,7.097,0.628,1.546,6.977,,1.578,2.029,,3.774,5.447,3.815,1.797,1.632,4.449,4.367,6.83,,5.247,4.15,,2.005,0.148,0.428,4.962,4.058,3.675,3.884,4.244,3.592,,,4.63,6.465,4.627,5.119,5.048,,,3.182,1.618,,3.514,3.875,2.754,1.445,,,5.363,0.802,0.83,6.318,1.148,7.489,,10.584,3.045,0.661,0.718,1.826,,1.413,13.488,1.303
2022-03-01,4.055,3.519,4.126,6.971,9.786,6.987,1.82,0.478,5.342,3.983,4.818,7.203,0.642,1.625,7.16,,1.607,2.121,,4.076,5.486,3.87,1.834,1.724,4.446,4.679,6.989,,5.41,4.147,,2.046,0.15,0.448,5.181,4.928,4.401,4.614,5.015,4.312,,,4.757,6.476,4.87,5.151,5.059,2.095,,3.154,1.626,,3.584,3.917,2.696,1.48,,,5.487,0.825,0.871,6.295,1.182,7.324,,10.658,2.711,0.675,0.739,1.827,,1.411,13.498,1.35
2022-04-01,3.924,3.578,4.178,6.927,9.701,6.876,1.82,0.477,5.414,4.152,5.119,7.422,0.637,1.628,7.13,,1.612,2.145,,4.15,5.656,4.096,1.886,1.794,4.575,4.587,7.012,,5.529,4.174,,2.52,0.151,0.455,5.221,5.143,4.369,4.606,5.037,4.271,,,4.916,6.479,4.945,4.985,5.129,2.225,,3.187,1.619,,3.682,4.012,2.77,1.505,,,5.601,0.849,0.9,6.249,1.217,7.266,,10.656,2.777,0.673,0.74,1.794,,1.445,13.589,1.35
2022-05-01,3.938,3.609,4.13,6.934,9.69,6.605,1.902,0.473,5.332,4.34,5.517,7.364,0.642,1.64,7.023,,1.606,2.22,,4.285,5.645,4.31,1.861,1.824,4.512,4.463,7.031,,5.835,4.505,,2.863,0.154,0.456,,5.973,4.695,4.906,5.318,4.604,,,4.794,6.546,4.894,5.172,5.352,2.261,,2.993,1.63,,3.827,4.204,2.856,1.546,,,5.619,0.875,0.909,6.305,1.291,7.438,,10.447,2.438,0.683,0.745,1.819,,1.565,13.308,1.4
2022-06-01,4.117,3.683,4.068,6.783,9.83,6.658,1.949,0.489,5.402,4.509,5.758,7.403,0.64,1.639,6.9,,1.691,2.23,,4.386,5.777,4.568,1.882,1.826,4.418,4.468,6.705,,5.793,4.567,,2.707,0.16,0.498,,5.863,5.149,5.369,5.774,5.058,,,4.889,6.492,4.997,5.381,5.536,2.192,,2.973,1.66,,3.869,4.153,2.887,1.6,,,5.766,0.891,0.924,6.27,1.316,7.318,,10.721,2.317,0.705,0.765,1.842,,1.699,13.2,1.366
2022-07-01,4.083,3.645,4.174,6.742,9.709,6.805,1.964,0.506,5.426,4.54,5.637,7.415,0.64,1.673,7.015,,1.715,2.316,,4.552,5.855,4.608,1.835,1.88,4.459,4.62,6.911,,6.112,4.654,,2.936,0.164,0.533,,5.256,4.768,5.031,5.459,4.667,,,4.893,6.58,5.075,5.285,5.621,2.138,,2.927,1.669,,3.874,4.156,2.889,,,,5.894,0.945,0.929,6.121,1.349,7.131,,10.57,2.208,0.734,0.791,1.842,,1.629,13.337,1.44
2022-08-01,4.213,3.633,4.248,6.827,9.535,6.781,2.028,0.531,5.456,4.601,5.165,7.372,0.643,1.677,7.08,,1.756,2.298,,4.699,5.995,4.706,1.993,1.879,4.597,4.559,6.975,,6.235,4.676,,3.116,0.167,0.549,,4.953,4.205,4.472,4.916,4.101,,,4.937,6.512,5.12,5.346,5.638,2.032,,2.841,1.681,,3.888,4.194,2.751,1.703,,,5.941,0.994,0.925,6.162,1.368,7.201,,10.312,2.558,0.772,0.821,1.89,,1.694,13.422,1.407
2022-09-01,4.339,3.714,4.187,6.832,9.592,6.773,2.171,0.514,5.332,4.679,5.046,7.383,0.643,1.677,6.982,,1.749,2.362,,4.718,6.084,4.746,1.975,1.891,4.487,4.595,6.98,,6.17,4.796,,2.902,0.167,0.556,,4.815,3.99,4.247,4.732,3.881,,,4.862,6.624,4.89,5.504,5.701,2.086,,3.003,1.655,,3.808,4.181,2.777,1.73,,,6.058,1.019,0.939,6.249,1.357,7.184,,10.543,2.782,0.791,0.837,1.901,,1.739,13.518,1.441
2022-10-01,4.437,3.642,4.273,6.69,9.712,6.609,2.247,0.529,5.298,4.578,5.232,7.608,0.634,1.675,6.857,,1.814,2.386,,4.847,5.96,4.67,2.013,1.863,4.492,4.578,6.73,,6.408,4.869,,3.419,0.166,0.534,,5.786,4.13,4.362,4.914,4.016,,,4.836,6.68,4.789,5.65,5.745,2.09,,3.138,1.691,,3.836,4.184,2.744,1.73,,,6.402,0.991,0.963,6.084,1.349,7.173,,10.496,3.108,0.793,0.846,1.974,,1.668,13.624,1.42
2022-11-01,4.278,3.692,4.163,6.667,9.541,6.505,2.151,0.526,5.206,4.84,5.349,7.243,0.631,1.664,6.58,,1.847,2.419,,4.639,5.933,4.42,2.024,1.843,4.488,4.572,6.782,,6.356,4.942,,3.589,0.163,0.524,,5.24,3.958,4.2,4.679,3.853,,,4.853,6.227,4.728,5.521,5.724,2.122,,3.487,1.719,,3.842,4.218,2.672,1.641,,,6.253,0.945,0.963,6.049,1.428,7.159,,10.268,3.631,,0.846,2.107,,1.616,13.701,1.489
2022-12-01,4.048,3.64,4.314,6.724,9.46,6.587,2.129,0.541,5.186,4.663,4.913,6.956,0.628,1.7,6.873,,1.873,2.419,,4.811,5.995,4.348,1.945,1.83,4.555,4.674,6.857,,6.465,4.974,,4.25,0.165,0.522,,4.344,3.459,3.734,4.167,3.356,,,4.8,6.386,4.758,5.368,5.561,2.085,,3.568,1.736,,3.845,4.211,2.718,1.485,,,6.283,0.948,0.971,6.217,1.434,7.061,,10.169,3.856,,0.844,2.228,,1.667,13.658,1.472
2023-01-01,4.298,3.608,4.14,6.765,9.582,6.596,2.244,0.544,5.171,4.724,4.684,6.808,0.639,1.703,6.773,,1.888,2.451,,4.882,5.946,4.315,1.869,1.855,4.283,4.573,6.862,,6.358,5.058,,4.823,0.168,0.54,,4.313,3.555,3.835,4.192,3.452,,,4.791,6.393,4.644,5.484,5.809,2.194,,3.058,1.739,,3.817,4.204,2.823,1.514,,,6.238,0.953,0.97,6.222,1.475,7.272,,10.313,3.467,,0.86,2.11,,1.819,13.36,1.476
2023-02-01,4.37,3.588,4.256,6.817,9.68,6.519,2.305,0.537,5.207,4.628,4.587,6.595,0.641,1.697,6.785,,1.896,2.5,,4.869,5.85,4.365,1.843,1.894,4.494,4.611,6.819,,6.351,5.177,,4.211,0.168,0.55,,3.988,3.622,3.912,4.287,3.514,,,4.778,6.427,4.777,5.668,5.722,2.157,,2.865,1.741,,3.819,4.163,2.982,1.549,,,6.171,0.978,0.959,6.237,1.486,7.218,,10.286,3.169,,0.876,1.99,,1.609,13.213,1.502
2023-03-01,4.34,3.525,4.165,6.765,9.81,6.477,2.345,0.559,5.194,4.773,4.359,6.613,0.632,1.687,6.762,,1.936,2.533,,4.663,5.922,4.324,1.858,1.868,4.321,4.617,6.727,,6.184,5.234,,3.446,0.166,0.546,,3.866,3.66,3.953,4.339,3.551,,,4.813,6.354,4.753,5.679,5.92,2.174,,2.805,1.745,,3.748,4.098,2.893,1.509,,,6.526,0.968,0.982,6.221,1.465,7.179,,10.284,2.649,,0.88,1.932,,1.493,13.249,1.526
2023-04-01,4.21,3.582,4.099,6.803,9.957,6.564,2.398,0.551,5.247,4.759,4.215,6.549,0.635,1.659,6.939,,1.989,2.553,,4.452,5.94,4.405,1.935,1.873,4.489,4.505,6.76,,6.04,5.193,,3.27,0.165,0.542,,3.709,3.839,4.116,4.485,3.735,,,4.79,6.579,4.747,5.564,5.95,2.19,,2.781,1.746,,3.7,4.042,3.01,1.53,,,6.623,0.98,0.98,6.164,1.461,7.345,,10.607,2.894,,0.893,1.874,,1.413,13.302,1.553
2023-05-01,4.396,3.598,4.189,7.064,10.223,6.473,2.391,0.537,5.355,4.765,4.074,6.339,0.628,1.695,6.756,,1.951,2.502,,4.549,5.841,4.236,1.919,1.92,4.474,4.51,7.042,,6.094,5.153,,2.666,0.165,0.544,,3.423,3.794,4.082,4.468,3.685,,,4.96,6.697,4.953,5.813,5.807,2.241,1.7,2.833,1.754,,3.715,4.042,3.175,1.512,,,6.454,1.008,0.997,6.393,1.458,7.511,,10.753,2.668,,0.899,1.798,,1.385,13.406,1.529
2023-06-01,4.444,3.458,4.241,7.02,10.359,6.507,2.334,0.55,5.435,4.698,3.941,6.224,0.625,1.707,6.914,,1.937,2.564,,4.452,5.681,4.193,1.998,1.953,4.521,4.562,7.011,,6.091,5.111,,2.219,0.17,0.551,,3.395,3.821,4.108,4.497,3.712,1.588,,5.028,6.681,5.106,5.898,5.812,2.226,1.605,2.729,1.738,,3.682,3.985,3.27,1.535,,,6.283,1.026,1.003,6.367,1.466,7.43,,11.164,2.499,,0.918,1.911,,1.371,13.345,1.516
2023-07-01,4.531,3.556,4.238,7.203,10.633,6.769,2.313,0.551,5.537,4.782,3.91,6.236,0.631,1.721,7.21,,1.98,2.58,,4.465,5.911,4.141,2.025,1.891,4.473,4.448,7.299,,6.141,5.091,,2.094,0.169,0.564,,3.472,3.842,4.136,4.526,3.732,1.587,,5.102,6.851,5.253,5.889,5.845,2.161,1.666,2.67,1.731,,3.633,3.971,3.336,1.591,,,6.476,1.051,1.006,6.625,1.42,7.664,,11.507,2.421,,0.932,1.896,,1.395,13.423,1.57
2023-08-01,4.569,3.63,4.359,7.285,10.75,6.818,2.305,0.573,5.554,4.73,4.357,6.502,0.631,1.702,7.157,,1.97,2.535,,4.411,5.897,4.179,2.031,1.958,4.556,4.63,7.298,,6.091,5.056,,2.043,0.17,0.566,,3.819,4.064,4.352,4.74,3.955,1.57,,5.076,6.947,5.259,5.895,5.904,2.076,1.596,2.552,1.734,,3.596,3.927,3.415,1.623,,,6.463,1.094,0.997,6.656,1.404,7.646,,11.432,2.609,,0.95,1.877,,1.402,13.629,1.576
2023-09-01,4.563,3.627,4.327,7.251,10.771,6.831,2.364,0.554,5.57,4.767,4.617,7.083,0.625,1.715,7.23,,1.972,2.537,,4.407,5.846,4.229,1.899,1.901,4.558,4.552,7.177,,6.085,5.113,,2.065,0.171,0.565,,4.151,4.107,4.418,4.844,3.988,1.677,,5.109,6.884,5.185,5.882,5.959,2.071,1.66,2.679,1.742,,3.639,3.965,3.427,1.637,,,6.562,1.047,0.981,6.613,1.41,7.774,,11.626,2.628,,0.971,1.844,,1.377,13.678,1.555
2023-10-01,4.662,3.743,4.452,7.321,10.834,6.787,2.357,0.564,5.666,4.738,4.566,7.223,0.626,1.625,7.311,,2.002,2.67,,4.55,5.846,4.222,1.917,1.926,4.767,4.426,7.305,,6.178,5.129,1.353,2.072,0.169,0.562,,4.089,3.91,4.25,4.701,3.782,1.834,,5.226,6.991,5.349,5.766,6.041,2.026,1.522,2.719,1.754,,3.673,3.927,3.669,1.693,,,6.682,1.006,0.96,6.795,1.4,7.987,,11.697,2.617,,0.963,1.865,,1.388,13.509,1.571
2023-11-01,4.522,3.711,4.343,7.482,10.482,6.999,2.126,0.551,5.643,4.748,4.397,6.899,0.627,1.574,7.16,,1.976,2.624,,4.52,5.65,4.06,1.851,1.976,4.629,4.278,7.612,,6.169,5.044,1.243,2.138,0.168,0.541,,4.011,3.623,3.957,4.385,3.5,1.832,,5.353,6.731,5.201,5.528,6.014,2.061,1.675,2.826,1.745,,3.692,3.997,3.638,1.664,,,6.459,0.983,0.992,6.846,1.369,7.862,,11.533,2.965,,0.958,1.942,,1.442,13.327,1.634
2023-12-01,4.4,3.64,4.256,7.348,10.646,6.905,2.111,0.567,5.566,4.956,4.133,6.774,0.625,1.592,7.025,,2.024,2.647,,4.505,5.545,4.082,1.856,1.955,4.557,4.327,7.378,,6.092,5.117,1.31,2.507,0.169,0.538,,3.821,3.411,3.75,4.162,3.289,1.78,,5.21,6.674,5.118,5.497,6.015,2.066,1.53,2.683,1.749,,3.678,4.008,3.717,1.601,,,6.408,0.961,0.99,6.885,1.377,7.994,,11.691,3.574,,0.956,1.995,,1.429,13.319,1.629
2024-01-01,4.412,3.606,4.236,7.268,10.686,6.918,2.214,0.613,5.475,4.904,3.975,6.614,0.617,1.589,7.001,,2.033,2.631,,4.659,5.724,4.086,1.825,1.987,4.524,4.534,7.255,,6.124,5.019,1.379,2.522,0.173,0.554,,3.766,3.353,3.654,4.053,3.221,1.712,,5.03,6.778,5.093,5.532,5.903,2.087,1.439,2.592,1.762,,3.65,3.958,4.111,1.55,,,6.389,0.978,1.0,6.737,1.425,8.106,,11.637,3.658,,0.975,2.146,,1.452,13.345,1.56
2024-02-01,4.517,3.564,4.157,7.351,10.53,6.969,2.245,0.581,5.479,4.769,4.077,6.56,0.625,1.625,6.839,,2.006,2.604,,4.634,5.726,4.105,1.752,1.951,4.377,4.4,7.513,,6.094,5.248,1.392,2.996,0.173,0.558,,3.828,3.486,3.774,4.162,3.359,1.691,,5.132,6.651,5.213,5.666,5.885,2.036,1.443,2.568,1.772,,3.634,3.94,4.214,1.532,,,6.41,0.971,1.001,6.71,1.432,7.883,,11.716,3.049,,0.984,2.132,,1.465,13.391,1.623
2024-03-01,4.475,3.679,4.256,7.395,10.594,7.041,2.282,0.573,5.522,4.854,4.085,6.609,0.629,1.648,6.991,,1.997,2.585,,4.484,5.689,4.106,1.821,1.991,4.527,4.333,7.362,,5.964,5.145,1.396,2.992,0.174,0.565,,3.774,3.707,3.987,4.379,3.581,1.7,,5.132,6.734,5.421,5.572,5.733,2.034,1.68,2.729,1.767,,3.597,3.893,4.259,1.516,,,6.572,0.972,1.014,6.974,1.42,8.031,,11.537,2.648,,0.984,2.044,,1.429,13.308,1.611
2024-04-01,4.487,3.712,4.235,7.47,10.745,7.244,2.277,0.593,5.561,4.776,4.074,6.637,0.626,1.647,7.197,,1.998,2.625,,4.629,5.51,4.061,1.815,1.953,4.511,4.332,7.516,,6.063,5.121,1.402,2.864,0.173,0.574,,3.706,3.907,4.186,4.604,3.776,1.696,,5.236,6.809,5.277,5.594,6.196,1.982,1.754,2.845,1.776,,3.622,3.868,4.278,1.475,,,6.504,0.971,1.025,6.858,1.422,8.11,,11.662,2.52,,1.006,1.962,,1.375,13.662,1.641
2024-05-01,4.575,3.764,4.391,7.47,10.734,7.026,2.236,0.563,5.603,4.819,3.943,6.818,0.622,1.703,7.229,,1.971,2.749,,4.589,5.551,4.118,1.833,2.013,4.634,4.545,7.531,,5.991,5.124,1.334,2.699,0.175,0.57,,3.694,3.885,4.168,4.58,3.755,1.648,,5.148,6.847,5.331,5.668,6.0,1.923,1.692,2.832,1.775,,3.543,3.864,4.194,1.545,,,6.629,0.964,1.002,6.987,1.377,8.247,,11.558,2.259,,1.001,1.859,,1.369,13.861,1.656
2024-06-01,4.562,3.645,4.397,7.472,10.635,7.281,2.021,0.564,5.712,4.943,3.831,6.827,0.625,1.681,7.239,,1.973,2.775,,4.696,5.537,4.046,1.771,2.007,4.589,4.616,7.649,,6.253,5.017,1.351,2.715,0.178,0.575,,3.576,3.729,4.014,4.413,3.601,1.665,,5.472,6.893,5.364,5.567,6.137,1.977,1.741,2.885,1.772,,3.703,3.956,4.258,1.582,,,6.566,0.993,1.018,6.879,1.435,7.927,,11.465,2.059,,1.004,1.843,,1.407,13.876,1.671
2024-07-01,4.71,3.621,4.409,7.638,10.856,7.216,2.087,0.577,5.799,4.874,3.86,6.883,0.613,1.713,7.145,,1.975,2.693,,4.897,5.599,3.946,1.786,1.988,4.652,4.568,7.781,,6.307,5.102,1.366,3.08,0.178,0.574,,3.683,3.747,4.029,4.411,3.622,1.649,,5.497,7.169,5.47,5.727,6.03,1.989,1.643,2.874,1.778,,3.748,3.983,4.248,1.627,,,6.323,1.017,1.039,7.121,1.432,8.059,7.886,11.726,2.166,,1.004,1.945,,1.408,13.918,1.682
2024-08-01,4.691,3.693,4.403,7.63,10.875,7.355,2.056,0.583,5.867,4.841,3.773,6.785,0.612,1.711,7.298,,1.951,2.674,,4.796,5.763,3.952,1.835,1.988,4.622,4.64,7.692,,6.311,5.046,1.311,3.204,0.177,0.574,,3.545,3.648,3.936,4.322,3.521,1.586,,5.577,6.918,5.638,5.633,6.357,1.959,1.517,2.964,1.792,,3.765,4.044,4.273,1.728,,,6.246,1.006,1.085,7.161,1.421,8.226,7.966,11.54,2.344,,1.004,1.996,,1.401,13.958,1.694
2024-09-01,4.595,3.719,4.328,7.582,10.882,7.359,1.998,0.576,5.917,4.951,3.64,6.955,0.617,1.705,7.217,,1.976,2.748,,5.004,5.731,3.974,1.873,1.979,4.615,4.62,7.596,,6.47,5.173,1.35,3.821,0.178,0.573,,3.394,3.478,3.785,4.189,3.344,1.673,,5.67,7.223,5.576,5.63,6.338,1.999,1.435,2.888,1.795,,3.768,4.021,4.227,1.733,,,6.466,1.009,1.078,7.244,1.431,8.148,8.09,11.787,2.648,,1.007,1.936,,1.399,13.957,1.7
2024-10-01,4.66,3.703,4.273,7.368,10.565,7.109,2.032,0.567,5.887,5.059,3.62,6.869,0.619,1.678,7.177,,1.937,2.833,,4.937,5.844,4.037,1.83,1.987,4.585,4.487,7.301,,6.644,4.852,1.33,3.37,0.177,0.566,,3.427,3.412,3.72,4.122,3.279,,,5.588,7.22,5.586,5.67,6.295,2.056,1.414,2.933,1.745,,3.772,4.041,4.247,1.805,,,6.517,0.998,1.056,7.008,1.445,8.154,7.816,11.497,2.629,,1.003,1.98,,1.422,13.768,1.618
2024-11-01,4.56,3.765,4.43,7.598,10.673,7.088,1.982,0.551,5.874,4.941,3.549,6.843,0.622,1.651,7.432,,1.916,2.724,,4.794,5.676,4.011,1.77,2.076,4.874,4.647,7.578,,6.868,4.918,1.294,3.649,0.176,0.552,,3.41,3.315,3.627,4.026,3.181,1.713,,5.628,6.977,5.605,5.63,6.447,2.116,1.641,3.027,1.811,,3.866,4.138,4.306,1.729,,,6.511,0.956,1.061,7.141,1.367,8.159,7.626,12.014,3.169,,1.0,2.03,,1.487,13.78,1.512
2024-12-01,4.406,3.656,4.308,7.719,10.626,6.945,1.845,0.541,5.863,4.983,3.522,6.915,0.615,1.655,7.393,,1.912,2.796,,4.728,5.621,4.104,1.781,2.061,4.658,4.58,7.769,,6.776,4.773,1.304,4.146,0.176,0.548,,3.458,3.277,3.585,3.98,3.145,1.733,,5.605,7.124,5.576,5.458,6.27,2.121,1.705,2.967,1.812,,3.868,4.101,4.289,1.564,,,6.324,0.949,1.032,7.486,1.38,8.136,7.626,11.666,3.505,,0.992,2.067,,1.522,13.985,1.548
2025-01-01,4.411,3.704,4.249,7.718,10.905,6.926,2.093,0.582,5.82,5.058,3.605,7.044,0.621,1.654,7.318,,1.925,2.76,,4.912,5.698,3.969,1.791,2.061,4.53,4.625,7.694,,7.019,4.895,1.33,4.953,0.179,0.561,,3.793,3.342,3.643,4.035,3.211,1.676,,5.545,7.11,5.495,5.476,6.459,2.08,1.618,2.831,1.813,,3.784,4.025,4.48,1.531,,,6.474,0.973,1.008,7.27,1.366,8.28,8.055,11.965,3.295,,1.011,2.05,,1.552,14.035,1.489
2025-02-01,4.428,3.632,4.226,7.995,10.868,7.165,2.101,0.572,5.961,5.026,3.665,6.798,0.619,1.631,7.677,,1.925,2.759,,4.869,5.536,4.079,1.792,2.051,4.558,4.463,8.104,,7.246,4.658,1.351,5.897,0.179,0.561,,3.827,3.396,3.702,4.11,3.261,1.668,,5.625,7.244,5.744,5.52,6.255,2.056,1.522,2.865,1.819,,3.798,4.026,4.492,1.536,,,6.462,0.957,1.03,7.49,1.381,8.485,8.128,11.899,2.905,,1.012,1.848,,1.584,14.087,1.515
2025-03-01,4.496,3.73,4.341,7.992,10.98,7.204,2.103,0.583,6.137,4.946,3.616,6.978,0.625,1.64,7.601,,1.88,2.719,,4.816,5.737,4.16,1.805,2.064,4.771,4.498,8.097,,7.385,4.863,1.341,6.227,0.181,0.565,,3.625,3.368,3.674,4.085,3.232,1.695,,5.79,7.476,5.854,5.603,6.328,1.983,1.465,2.923,1.821,,3.851,4.05,4.482,1.484,,,6.536,0.95,1.038,7.557,1.379,8.554,8.155,11.924,2.361,,1.014,1.819,,1.596,14.0,1.52
2025-04-01,4.451,3.675,4.244,7.995,11.12,7.323,2.104,0.581,6.142,4.987,3.59,7.009,0.635,1.674,7.733,,1.913,2.751,,4.78,5.743,4.18,1.789,2.059,4.609,4.454,7.98,,7.536,4.956,1.331,5.122,0.181,0.557,,3.506,3.465,3.768,4.184,3.33,1.699,,5.801,7.551,5.996,5.473,6.229,1.927,1.515,2.915,1.827,,3.85,4.074,4.44,1.485,,,6.611,0.967,1.031,7.616,1.361,8.627,8.126,12.326,2.475,,1.021,1.793,,1.626,13.779,1.538
2025-05-01,4.451,3.66,4.22,7.939,11.032,7.35,2.129,0.558,6.245,5.063,3.538,6.985,0.655,1.669,7.729,,1.876,2.602,,4.952,5.908,4.216,1.785,2.061,4.601,4.505,7.875,,7.931,5.049,1.446,4.548,0.182,0.562,,3.433,3.443,3.752,4.171,3.306,1.675,,5.981,7.688,6.018,5.453,6.466,1.897,1.438,2.994,1.834,,3.777,4.022,4.429,1.564,,,6.731,0.958,1.067,7.57,1.322,8.401,8.199,12.207,2.397,,1.054,1.705,,1.626,13.745,1.577
2025-06-01,4.401,3.616,4.264,8.203,11.491,7.469,2.183,0.579,6.342,5.038,3.578,7.098,0.654,1.588,8.016,,1.864,2.656,,4.872,5.999,4.239,1.815,2.086,4.618,4.617,8.197,,8.132,5.108,1.414,3.775,0.19,0.574,,3.463,3.442,3.748,4.164,3.306,1.715,,6.12,7.672,6.103,5.379,6.493,1.882,1.378,2.951,1.814,,3.592,4.029,4.493,1.633,,,6.815,0.981,1.061,7.762,1.318,8.457,8.394,12.923,2.223,,1.054,1.737,,1.653,13.957,1.494
2025-07-01,4.66,3.627,4.333,8.397,11.875,7.621,2.199,0.565,6.504,4.906,3.746,7.118,0.657,1.649,8.188,,1.851,2.714,,4.797,6.041,4.204,1.799,2.078,4.691,4.607,8.439,,8.414,5.264,1.415,3.599,0.189,0.557,,3.627,3.422,3.738,4.149,3.285,1.726,,6.254,8.035,6.338,5.685,6.374,1.997,1.579,3.006,1.823,,3.662,4.162,4.641,,,,6.797,0.978,1.068,7.909,1.306,8.69,8.706,13.554,2.221,,1.046,1.793,,1.642,13.886,1.556
2025-08-01,4.501,3.695,4.299,8.723,12.222,7.875,2.208,0.567,6.631,5.008,3.726,7.208,0.666,1.547,8.815,,1.841,2.684,,4.828,6.123,4.212,1.797,2.076,4.688,4.6,8.845,,8.872,5.122,1.4,3.587,0.19,0.557,,3.58,3.433,3.75,4.163,3.295,1.717,,6.318,7.95,6.626,5.432,6.505,2.081,1.673,,1.838,,3.663,4.171,4.67,1.795,,,6.751,1.001,1.059,8.13,1.294,9.076,8.769,14.319,2.408,,1.04,1.925,,1.634,13.951,1.495
2025-09-01,4.533,3.825,4.349,9.04,12.262,7.883,2.234,0.569,6.643,4.925,3.73,7.29,0.67,1.629,8.68,,1.867,2.775,,4.787,6.049,4.172,1.796,2.061,4.748,4.603,9.232,,9.139,5.15,1.422,3.488,0.188,0.563,,3.592,3.481,3.802,4.231,3.339,1.699,,6.323,8.182,6.326,5.478,6.396,2.077,1.731,,1.834,,3.648,4.129,4.736,1.803,,,6.971,1.014,1.06,8.506,1.205,9.36,9.062,14.135,2.573,,1.042,1.91,,1.613,13.97,1.533
2025-10-01,,,,,,,,,,,,,,,,,,,,,,,,,,,,,,,,,,,,,,3.723,4.157,3.239,,,,,,,,,,,,,,,,,,,,,,,,,,,,,,,,,,
2025-11-01,4.394,3.779,4.097,9.29,12.285,8.204,2.093,0.549,6.781,4.725,3.911,6.928,0.664,1.686,9.172,,1.79,2.638,,4.31,5.636,4.15,1.795,2.044,4.391,4.526,9.343,,9.258,5.331,1.174,2.86,0.189,0.552,,3.727,3.373,3.707,4.139,3.228,1.563,,6.54,8.232,6.504,5.462,6.138,2.024,1.987,3.399,1.861,,3.41,3.997,4.806,,,,6.821,,1.065,8.943,1.3,9.665,,13.342,,,0.991,1.828,,1.639,14.106,1.556
2025-12-01,4.309,3.625,4.298,9.033,12.512,8.11,1.975,0.548,6.821,4.734,3.771,6.76,0.656,1.689,8.63,,1.833,2.677,,4.408,5.789,4.153,1.725,2.02,4.671,4.716,8.951,,9.053,5.128,1.164,2.712,0.189,0.554,,3.66,3.195,3.536,3.958,3.05,1.542,,6.687,8.254,6.521,5.356,6.403,1.976,,3.466,1.835,,3.372,4.047,4.821,1.57,,,6.788,0.847,1.076,8.853,1.311,9.875,9.335,14.027,3.606,,0.985,1.84,,1.701,14.174,1.518
2026-01-01,4.434,3.767,4.15,8.824,12.302,7.849,2.115,0.611,6.868,4.845,3.61,6.978,0.653,1.702,8.463,,1.843,2.729,,4.383,5.982,4.165,1.735,2.041,4.433,4.453,8.709,,9.366,5.352,1.298,2.577,0.192,0.565,,3.579,3.104,3.444,3.861,2.961,1.578,,6.752,8.191,6.693,5.5,6.236,1.971,1.699,3.379,1.839,,3.426,4.1,4.871,1.536,,,6.629,0.871,1.059,8.546,1.325,9.836,9.057,13.837,3.075,,1.022,1.791,,1.704,14.163,1.564
2026-02-01,4.481,3.522,4.191,8.926,12.739,7.713,2.215,0.593,6.895,4.68,3.746,6.904,0.653,1.704,8.358,,1.85,2.687,,4.314,5.987,4.142,1.707,2.049,4.496,4.564,8.957,,9.459,5.255,1.312,2.5,0.189,0.549,,3.99,3.211,3.553,3.983,3.065,1.564,,6.739,8.338,6.703,5.616,6.264,1.955,,3.56,1.85,,3.409,4.026,4.863,1.508,,,6.827,0.866,1.074,8.587,1.323,10.095,,14.191,2.929,,1.016,1.902,,1.749,14.247,1.498
2026-03-01,4.439,3.628,4.181,8.857,12.732,7.675,2.204,0.603,6.863,4.783,4.919,6.801,0.657,1.696,8.413,,1.808,2.747,,4.258,5.97,4.172,1.739,2.033,4.484,4.571,8.833,,9.608,5.309,1.311,2.348,0.19,0.549,,5.045,3.988,4.308,4.757,3.843,1.568,,6.701,8.2,6.684,5.479,6.191,2.003,1.719,3.607,1.852,,3.404,4.067,4.886,1.483,,,6.712,0.847,1.06,8.477,1.308,9.61,9.188,14.124,2.582,,0.996,2.255,,1.688,14.236,1.56
2026-04-01,4.348,3.669,4.331,9.408,13.024,7.916,2.246,0.59,7.056,4.69,5.707,6.826,0.654,1.705,8.651,,1.869,2.735,,4.216,6.029,4.168,1.712,2.026,4.699,4.597,9.495,,9.723,5.182,1.293,2.25,0.194,0.543,,5.291,4.409,4.733,5.19,4.263,1.54,,6.899,8.512,6.921,5.405,6.24,2.032,1.629,3.195,1.856,,3.52,4.136,4.903,1.504,,,6.748,0.86,1.076,8.983,1.343,9.825,9.328,14.727,2.488,,1.006,2.689,,1.676,13.979,1.509
2026-05-01,4.448,3.755,4.389,9.286,12.802,8.013,2.195,0.574,7.064,4.572,5.78,6.712,0.646,1.669,9.003,,1.83,2.814,,3.929,5.685,4.171,1.786,2.036,4.616,4.905,9.607,,9.511,5.181,1.315,2.191,0.196,0.544,,5.293,4.793,5.098,5.55,4.651,1.595,,6.745,8.624,6.718,5.457,6.045,2.091,1.964,3.624,1.877,,3.633,4.217,4.97,1.542,,,6.58,0.894,1.071,8.615,1.374,9.789,,14.274,2.595,,1.034,2.489,,1.677,13.841,1.537
2026-06-01,4.461,3.771,4.336,9.434,12.879,8.222,2.196,0.612,7.141,4.626,5.322,6.561,0.645,1.626,9.304,,1.814,,,3.816,5.96,4.181,1.688,2.044,4.555,,9.55,,9.457,4.964,1.286,2.141,0.198,0.544,,4.713,4.346,4.684,5.15,4.195,1.634,,6.825,8.651,6.975,5.508,5.953,2.109,2.012,4.021,1.882,,3.75,4.317,4.874,1.54,,,6.632,0.923,1.089,8.962,1.367,9.844,,14.451,2.516,,1.018,2.154,,1.688,13.804,1.587
2026-07-01,4.489,3.671,4.244,9.571,13.064,8.009,2.265,0.606,7.116,4.746,5.077,6.584,0.65,1.689,9.025,,1.82,,,3.922,5.741,4.153,1.723,2.005,4.573,,9.631,,9.317,5.008,1.284,2.189,0.197,0.543,,4.799,4.242,4.583,5.027,4.094,1.614,,6.885,8.414,6.85,5.492,5.836,2.127,1.753,3.469,1.878,,3.8,4.313,4.817,,,,6.559,0.942,1.1,9.155,1.381,10.036,,14.592,2.404,,1.024,2.003,,1.704,13.794,1.553
